cuadrado;80.65;new Color(39,131,44)
triangulo;68.14-92.62-38.38;new Color(81,229,113)
cuadrado;92.52;new Color(250,178,123)
cuadrado;29.51;new Color(113,29,150)
circulo;57.08;new Color(52,101,200)
rectangulo;6.59-94.62;new Color(197,200,215)
circulo;8.93;new Color(8,84,184)
rectangulo;89.22-45.76;new Color(91,44,148)
cuadrado;26.97;new Color(43,200,248)
rectangulo;11.54-24.31;new Color(9,113,38)
triangulo;23.92-79.25-47.29;new Color(251,227,109)
pentagono;92.02-92.02-92.02-92.02-92.02;new Color(248,243,163)
rectangulo;71.5-29.35;new Color(27,44,58)
circulo;22.36;new Color(30,176,31)
circulo;92.24;new Color(228,172,160)
cuadrado;94.02;new Color(35,132,176)
rectangulo;24.49-65.35;new Color(227,82,212)
circulo;18.55;new Color(185,199,166)
pentagono;33.15-33.15-33.15-33.15-33.15;new Color(115,155,14)
circulo;76.61;new Color(144,171,182)
cuadrado;34.29;new Color(140,148,8)
triangulo;43.96-63.27-50.06;new Color(212,172,23)
triangulo;97.88-18.62-52.92;new Color(148,114,124)
circulo;51.58;new Color(247,108,157)
triangulo;39.78-68.07-84.83;new Color(154,229,245)
pentagono;63.6-63.6-63.6-63.6-63.6;new Color(29,206,171)
rectangulo;37.29-36.23;new Color(81,166,16)
rectangulo;37.7-65.14;new Color(111,123,242)
cuadrado;45.81;new Color(223,6,51)
triangulo;5.44-33.62-82.87;new Color(200,224,205)
rectangulo;57.42-50.67;new Color(189,27,206)
cuadrado;54.96;new Color(192,241,169)
triangulo;61.59-73.94-9.56;new Color(222,14,152)
pentagono;41.61-41.61-41.61-41.61-41.61;new Color(54,40,56)
pentagono;36.3-36.3-36.3-36.3-36.3;new Color(103,202,13)
cuadrado;47.98;new Color(215,173,25)
cuadrado;72.1;new Color(251,76,53)
circulo;46.73;new Color(209,219,108)
circulo;67.53;new Color(125,179,221)
triangulo;66.84-71.01-33.96;new Color(188,244,7)
pentagono;21.64-21.64-21.64-21.64-21.64;new Color(55,34,243)
pentagono;99.71-99.71-99.71-99.71-99.71;new Color(4,26,57)
triangulo;49.58-66.85-8.45;new Color(75,117,56)
cuadrado;11.04;new Color(86,50,53)
cuadrado;59.2;new Color(145,182,14)
circulo;39.1;new Color(212,235,204)
cuadrado;55.94;new Color(9,91,31)
circulo;31.69;new Color(210,74,157)
cuadrado;87.93;new Color(65,87,124)
cuadrado;22.49;new Color(196,195,65)
circulo;4.77;new Color(203,242,58)
cuadrado;73.63;new Color(54,67,1)
triangulo;35.41-16.56-8.56;new Color(105,127,116)
circulo;37.21;new Color(141,176,20)
circulo;65.45;new Color(160,170,187)
pentagono;8.25-8.25-8.25-8.25-8.25;new Color(2,50,170)
circulo;29.67;new Color(245,133,74)
triangulo;70.91-1.52-11.25;new Color(255,39,111)
pentagono;92.34-92.34-92.34-92.34-92.34;new Color(192,200,7)
cuadrado;39.76;new Color(145,204,220)
cuadrado;22.51;new Color(223,128,193)
cuadrado;62.85;new Color(205,237,123)
cuadrado;49.7;new Color(83,216,178)
rectangulo;42.55-5.82;new Color(136,143,102)
cuadrado;90.86;new Color(43,209,217)
pentagono;85.64-85.64-85.64-85.64-85.64;new Color(228,70,204)
triangulo;23.72-7.84-53.06;new Color(238,182,147)
pentagono;97.22-97.22-97.22-97.22-97.22;new Color(118,179,140)
circulo;16.48;new Color(104,11,37)
circulo;29.3;new Color(96,3,226)
pentagono;5.01-5.01-5.01-5.01-5.01;new Color(182,151,28)
cuadrado;18.22;new Color(17,183,65)
pentagono;25.95-25.95-25.95-25.95-25.95;new Color(35,96,171)
cuadrado;85.02;new Color(87,79,158)
circulo;97.9;new Color(130,186,69)
triangulo;93.63-59.37-45.88;new Color(96,254,104)
cuadrado;99.25;new Color(143,88,156)
triangulo;7.66-89.43-15.92;new Color(100,17,225)
cuadrado;57.34;new Color(123,236,98)
rectangulo;71.74-92.79;new Color(125,161,216)
rectangulo;82.09-46.11;new Color(223,215,73)
circulo;15.13;new Color(47,198,68)
rectangulo;90.31-5.61;new Color(41,2,83)
triangulo;34.14-81.47-99.26;new Color(137,6,111)
cuadrado;73.72;new Color(117,137,169)
rectangulo;44.17-54.92;new Color(15,98,8)
rectangulo;20.73-27.17;new Color(188,16,87)
circulo;26.79;new Color(189,137,52)
triangulo;40.63-95.83-11.65;new Color(179,152,239)
triangulo;85.4-23.98-10.63;new Color(26,19,125)
triangulo;55.29-19.16-30.54;new Color(178,28,63)
circulo;97.48;new Color(247,243,218)
circulo;22.47;new Color(4,251,157)
pentagono;19.07-19.07-19.07-19.07-19.07;new Color(140,93,23)
cuadrado;20.57;new Color(16,41,58)
pentagono;21.98-21.98-21.98-21.98-21.98;new Color(180,234,162)
cuadrado;69.55;new Color(231,158,136)
rectangulo;49.04-49.32;new Color(108,79,84)
rectangulo;68.25-84.21;new Color(97,119,68)
cuadrado;34.12;new Color(146,125,67)
triangulo;80.14-62.53-50.87;new Color(122,204,142)
cuadrado;62.97;new Color(33,56,16)
cuadrado;25.65;new Color(194,251,121)
rectangulo;46.58-99.0;new Color(148,19,216)
circulo;54.9;new Color(130,205,56)
pentagono;19.33-19.33-19.33-19.33-19.33;new Color(122,210,238)
cuadrado;51.35;new Color(139,93,176)
pentagono;57.95-57.95-57.95-57.95-57.95;new Color(234,168,248)
triangulo;22.7-5.15-65.9;new Color(123,143,32)
rectangulo;93.9-52.22;new Color(44,86,63)
triangulo;98.93-15.22-12.96;new Color(20,217,178)
rectangulo;49.46-79.47;new Color(18,58,157)
triangulo;10.38-33.42-78.82;new Color(215,219,43)
circulo;39.99;new Color(112,35,200)
triangulo;92.16-72.73-94.49;new Color(205,101,4)
triangulo;97.21-66.04-48.46;new Color(236,133,183)
pentagono;50.47-50.47-50.47-50.47-50.47;new Color(82,205,142)
pentagono;60.36-60.36-60.36-60.36-60.36;new Color(180,189,60)
pentagono;11.15-11.15-11.15-11.15-11.15;new Color(146,125,173)
rectangulo;55.75-41.61;new Color(134,195,214)
triangulo;87.13-10.03-84.83;new Color(15,123,92)
circulo;20.96;new Color(44,111,232)
rectangulo;93.04-8.08;new Color(60,209,74)
triangulo;77.81-6.72-85.21;new Color(144,253,193)
triangulo;74.46-47.71-79.38;new Color(245,170,100)
pentagono;62.18-62.18-62.18-62.18-62.18;new Color(148,101,41)
cuadrado;95.23;new Color(139,228,180)
triangulo;64.87-53.16-1.77;new Color(181,135,34)
pentagono;71.71-71.71-71.71-71.71-71.71;new Color(128,116,75)
cuadrado;68.47;new Color(200,247,169)
cuadrado;8.98;new Color(255,170,202)
triangulo;93.38-59.31-59.53;new Color(143,95,94)
triangulo;60.41-49.26-33.02;new Color(5,193,11)
triangulo;41.43-7.06-54.77;new Color(44,250,42)
circulo;22.1;new Color(52,32,171)
triangulo;18.71-27.69-88.59;new Color(138,171,20)
cuadrado;98.4;new Color(99,58,184)
circulo;75.03;new Color(60,87,250)
rectangulo;36.28-31.63;new Color(215,37,24)
circulo;24.13;new Color(87,48,225)
rectangulo;46.55-50.82;new Color(209,59,143)
pentagono;84.65-84.65-84.65-84.65-84.65;new Color(207,144,74)
pentagono;18.14-18.14-18.14-18.14-18.14;new Color(177,179,109)
pentagono;12.12-12.12-12.12-12.12-12.12;new Color(30,41,135)
triangulo;16.92-41.98-17.76;new Color(68,186,215)
pentagono;98.11-98.11-98.11-98.11-98.11;new Color(102,113,78)
rectangulo;6.02-61.97;new Color(234,100,126)
triangulo;24.03-56.02-41.04;new Color(100,122,47)
triangulo;41.54-72.94-5.92;new Color(130,249,16)
cuadrado;64.81;new Color(208,31,85)
cuadrado;66.41;new Color(122,40,245)
cuadrado;36.01;new Color(33,244,123)
pentagono;53.21-53.21-53.21-53.21-53.21;new Color(8,122,246)
triangulo;44.24-16.77-83.76;new Color(11,146,74)
rectangulo;88.65-36.85;new Color(33,210,128)
triangulo;47.55-10.77-87.85;new Color(37,228,176)
cuadrado;92.29;new Color(83,193,196)
circulo;31.65;new Color(203,155,190)
pentagono;46.77-46.77-46.77-46.77-46.77;new Color(157,83,234)
rectangulo;80.21-30.48;new Color(175,26,16)
triangulo;41.6-90.55-16.24;new Color(12,185,133)
triangulo;35.66-55.24-52.26;new Color(108,142,215)
cuadrado;82.02;new Color(117,182,97)
circulo;1.2;new Color(60,187,137)
circulo;1.06;new Color(196,103,32)
pentagono;53.12-53.12-53.12-53.12-53.12;new Color(152,140,61)
circulo;81.02;new Color(18,49,74)
rectangulo;98.19-25.08;new Color(159,248,213)
rectangulo;67.83-42.51;new Color(34,107,167)
rectangulo;82.46-22.82;new Color(8,108,201)
cuadrado;79.9;new Color(72,249,200)
rectangulo;67.11-39.3;new Color(233,60,243)
triangulo;71.52-24.29-29.82;new Color(74,209,170)
triangulo;18.22-46.24-84.1;new Color(43,137,243)
triangulo;46.78-21.96-93.92;new Color(157,18,115)
rectangulo;52.55-62.29;new Color(96,85,183)
rectangulo;42.9-29.9;new Color(30,8,253)
pentagono;21.19-21.19-21.19-21.19-21.19;new Color(102,147,237)
triangulo;15.72-18.49-42.64;new Color(81,71,125)
circulo;79.78;new Color(38,111,142)
pentagono;21.14-21.14-21.14-21.14-21.14;new Color(108,217,24)
circulo;72.07;new Color(160,216,157)
pentagono;73.64-73.64-73.64-73.64-73.64;new Color(88,59,54)
rectangulo;53.73-32.2;new Color(182,193,201)
triangulo;2.96-66.07-17.91;new Color(106,18,14)
triangulo;9.4-6.07-92.64;new Color(227,26,96)
pentagono;98.4-98.4-98.4-98.4-98.4;new Color(9,173,157)
pentagono;71.55-71.55-71.55-71.55-71.55;new Color(138,49,210)
pentagono;90.18-90.18-90.18-90.18-90.18;new Color(207,234,115)
cuadrado;92.25;new Color(219,207,37)
pentagono;3.68-3.68-3.68-3.68-3.68;new Color(10,209,197)
cuadrado;50.03;new Color(201,32,246)
rectangulo;49.31-36.27;new Color(247,58,5)
pentagono;78.04-78.04-78.04-78.04-78.04;new Color(118,29,14)
pentagono;54.52-54.52-54.52-54.52-54.52;new Color(101,78,106)
circulo;29.18;new Color(171,25,180)
pentagono;90.02-90.02-90.02-90.02-90.02;new Color(238,58,15)
rectangulo;8.92-58.12;new Color(118,115,63)
pentagono;33.41-33.41-33.41-33.41-33.41;new Color(83,234,138)
cuadrado;10.96;new Color(1,169,58)
triangulo;37.04-48.06-97.44;new Color(141,183,230)
cuadrado;98.45;new Color(215,66,81)
triangulo;61.51-20.95-88.98;new Color(75,27,3)
pentagono;42.89-42.89-42.89-42.89-42.89;new Color(198,148,217)
rectangulo;7.02-35.5;new Color(0,55,106)
cuadrado;21.57;new Color(108,127,67)
circulo;39.32;new Color(122,124,9)
pentagono;84.17-84.17-84.17-84.17-84.17;new Color(66,158,195)
cuadrado;62.59;new Color(158,153,24)
circulo;80.73;new Color(157,200,88)
circulo;36.99;new Color(114,146,123)
pentagono;30.02-30.02-30.02-30.02-30.02;new Color(186,87,11)
pentagono;25.26-25.26-25.26-25.26-25.26;new Color(75,96,118)
triangulo;29.88-78.99-33.25;new Color(98,61,226)
cuadrado;88.0;new Color(13,1,142)
triangulo;7.42-7.68-26.65;new Color(38,253,49)
triangulo;6.78-39.74-52.57;new Color(21,95,120)
circulo;95.42;new Color(112,193,56)
rectangulo;30.86-2.98;new Color(161,49,149)
rectangulo;15.63-32.67;new Color(219,38,224)
triangulo;96.41-50.54-48.84;new Color(4,215,109)
rectangulo;46.09-30.13;new Color(61,95,126)
pentagono;33.85-33.85-33.85-33.85-33.85;new Color(53,74,56)
circulo;21.59;new Color(169,236,170)
rectangulo;96.28-30.52;new Color(161,49,49)
pentagono;60.56-60.56-60.56-60.56-60.56;new Color(19,83,37)
pentagono;57.01-57.01-57.01-57.01-57.01;new Color(55,174,204)
triangulo;63.7-96.45-20.63;new Color(102,147,85)
cuadrado;58.22;new Color(204,60,185)
triangulo;30.89-33.38-25.55;new Color(35,213,89)
circulo;13.81;new Color(44,195,191)
pentagono;13.89-13.89-13.89-13.89-13.89;new Color(141,76,73)
triangulo;49.43-77.73-25.13;new Color(94,209,249)
cuadrado;44.86;new Color(252,50,84)
cuadrado;78.41;new Color(215,135,60)
circulo;65.84;new Color(21,100,62)
rectangulo;94.57-40.87;new Color(64,90,56)
cuadrado;33.61;new Color(21,168,88)
pentagono;8.9-8.9-8.9-8.9-8.9;new Color(175,224,30)
cuadrado;53.66;new Color(255,250,236)
pentagono;86.48-86.48-86.48-86.48-86.48;new Color(226,181,192)
triangulo;32.07-15.79-80.89;new Color(42,23,234)
cuadrado;29.85;new Color(95,41,31)
rectangulo;68.32-77.46;new Color(231,226,219)
cuadrado;11.4;new Color(69,12,214)
circulo;71.28;new Color(230,97,152)
circulo;64.08;new Color(124,21,254)
pentagono;82.52-82.52-82.52-82.52-82.52;new Color(195,250,145)
rectangulo;63.73-58.48;new Color(169,86,24)
cuadrado;91.99;new Color(149,238,117)
pentagono;52.0-52.0-52.0-52.0-52.0;new Color(244,227,169)
pentagono;45.03-45.03-45.03-45.03-45.03;new Color(73,115,20)
rectangulo;54.8-64.81;new Color(129,102,179)
circulo;17.66;new Color(194,221,219)
pentagono;60.41-60.41-60.41-60.41-60.41;new Color(248,29,123)
rectangulo;15.7-13.45;new Color(253,231,249)
rectangulo;24.12-51.64;new Color(163,150,34)
circulo;60.28;new Color(249,175,91)
cuadrado;31.83;new Color(119,241,57)
triangulo;8.82-44.87-56.04;new Color(255,187,153)
cuadrado;73.97;new Color(168,195,59)
pentagono;85.4-85.4-85.4-85.4-85.4;new Color(190,56,178)
triangulo;54.21-93.68-90.82;new Color(152,152,144)
triangulo;85.94-75.03-33.76;new Color(243,167,210)
rectangulo;26.78-6.32;new Color(86,8,58)
triangulo;83.99-1.19-55.78;new Color(213,42,171)
triangulo;83.07-21.87-93.77;new Color(147,51,219)
triangulo;21.33-90.56-11.69;new Color(51,130,20)
circulo;9.22;new Color(111,135,95)
rectangulo;97.41-21.95;new Color(148,227,204)
cuadrado;51.75;new Color(172,133,192)
triangulo;45.38-67.14-40.38;new Color(175,200,230)
pentagono;12.83-12.83-12.83-12.83-12.83;new Color(202,45,178)
circulo;88.47;new Color(57,186,255)
rectangulo;83.69-33.23;new Color(22,144,252)
triangulo;37.1-38.81-58.54;new Color(30,18,143)
cuadrado;69.03;new Color(59,147,59)
rectangulo;93.1-63.26;new Color(91,134,183)
circulo;71.79;new Color(64,158,58)
cuadrado;2.58;new Color(232,55,208)
triangulo;60.57-20.07-19.27;new Color(89,141,246)
pentagono;39.76-39.76-39.76-39.76-39.76;new Color(249,77,110)
circulo;75.29;new Color(63,4,173)
rectangulo;73.8-79.06;new Color(231,13,149)
cuadrado;64.14;new Color(156,110,132)
pentagono;19.68-19.68-19.68-19.68-19.68;new Color(82,13,92)
pentagono;14.73-14.73-14.73-14.73-14.73;new Color(243,248,185)
cuadrado;53.87;new Color(2,113,234)
cuadrado;86.76;new Color(195,91,224)
circulo;30.14;new Color(29,37,74)
circulo;93.31;new Color(118,60,167)
cuadrado;64.62;new Color(23,68,224)
cuadrado;40.71;new Color(26,207,194)
circulo;54.45;new Color(12,190,106)
pentagono;65.15-65.15-65.15-65.15-65.15;new Color(137,37,55)
cuadrado;47.27;new Color(72,122,192)
circulo;62.89;new Color(123,12,165)
cuadrado;57.52;new Color(20,235,182)
triangulo;16.36-48.91-68.44;new Color(217,225,207)
triangulo;37.12-86.72-34.49;new Color(79,50,119)
cuadrado;62.03;new Color(72,224,174)
triangulo;75.74-5.37-57.19;new Color(107,93,176)
cuadrado;22.25;new Color(88,152,114)
pentagono;99.24-99.24-99.24-99.24-99.24;new Color(145,194,202)
rectangulo;41.92-64.48;new Color(99,171,232)
triangulo;29.0-20.62-35.42;new Color(193,134,32)
circulo;36.0;new Color(218,244,178)
rectangulo;10.34-78.28;new Color(216,45,14)
cuadrado;28.23;new Color(24,93,139)
cuadrado;89.8;new Color(63,244,63)
pentagono;29.27-29.27-29.27-29.27-29.27;new Color(31,2,144)
triangulo;87.47-7.66-5.55;new Color(154,84,40)
triangulo;89.98-13.65-57.83;new Color(94,163,216)
pentagono;72.95-72.95-72.95-72.95-72.95;new Color(120,190,66)
rectangulo;37.9-1.89;new Color(144,75,36)
cuadrado;19.26;new Color(122,0,229)
circulo;79.8;new Color(49,198,223)
circulo;62.83;new Color(109,88,75)
cuadrado;91.64;new Color(241,109,5)
pentagono;90.47-90.47-90.47-90.47-90.47;new Color(102,175,216)
cuadrado;87.9;new Color(58,42,31)
pentagono;60.43-60.43-60.43-60.43-60.43;new Color(28,69,29)
pentagono;1.13-1.13-1.13-1.13-1.13;new Color(6,34,39)
cuadrado;94.71;new Color(145,160,233)
cuadrado;42.06;new Color(30,124,83)
triangulo;19.64-84.18-67.52;new Color(13,133,8)
cuadrado;82.72;new Color(166,211,187)
cuadrado;92.27;new Color(77,127,115)
cuadrado;6.26;new Color(104,116,57)
pentagono;19.58-19.58-19.58-19.58-19.58;new Color(83,144,227)
circulo;17.8;new Color(191,216,170)
rectangulo;31.86-25.73;new Color(81,4,2)
rectangulo;24.31-38.33;new Color(113,118,4)
circulo;25.31;new Color(129,17,245)
circulo;36.74;new Color(226,20,250)
cuadrado;25.03;new Color(236,65,157)
triangulo;41.01-68.34-33.74;new Color(243,110,29)
cuadrado;12.91;new Color(82,252,43)
circulo;58.37;new Color(156,114,161)
rectangulo;82.16-43.75;new Color(192,81,248)
cuadrado;95.06;new Color(183,180,135)
pentagono;15.12-15.12-15.12-15.12-15.12;new Color(23,63,120)
pentagono;13.9-13.9-13.9-13.9-13.9;new Color(253,183,66)
circulo;43.46;new Color(12,179,220)
triangulo;64.49-32.92-80.28;new Color(163,16,159)
triangulo;78.31-19.67-61.48;new Color(118,143,180)
triangulo;95.66-42.52-27.73;new Color(186,15,23)
circulo;40.63;new Color(159,35,251)
circulo;25.5;new Color(127,131,2)
cuadrado;90.72;new Color(52,210,252)
triangulo;11.49-52.32-38.52;new Color(77,197,127)
cuadrado;73.95;new Color(67,148,64)
circulo;1.96;new Color(144,234,88)
cuadrado;36.61;new Color(151,33,167)
rectangulo;7.78-71.75;new Color(50,238,46)
rectangulo;66.53-29.8;new Color(225,225,239)
rectangulo;87.45-67.99;new Color(250,107,185)
triangulo;20.36-88.01-83.2;new Color(118,120,182)
triangulo;28.86-94.56-23.24;new Color(8,126,162)
circulo;26.15;new Color(67,71,158)
triangulo;59.23-78.16-3.85;new Color(165,237,254)
cuadrado;39.39;new Color(128,234,104)
circulo;11.13;new Color(20,64,3)
cuadrado;37.21;new Color(16,4,250)
cuadrado;30.02;new Color(125,57,149)
triangulo;95.99-56.74-81.87;new Color(45,76,31)
pentagono;83.59-83.59-83.59-83.59-83.59;new Color(16,223,55)
pentagono;88.73-88.73-88.73-88.73-88.73;new Color(147,119,173)
rectangulo;34.59-87.43;new Color(86,100,128)
rectangulo;56.88-1.05;new Color(245,38,210)
rectangulo;54.69-46.17;new Color(96,66,31)
rectangulo;14.58-98.73;new Color(244,58,118)
rectangulo;83.5-29.96;new Color(209,233,143)
cuadrado;59.39;new Color(53,139,160)
pentagono;82.31-82.31-82.31-82.31-82.31;new Color(103,125,95)
triangulo;66.12-33.04-14.47;new Color(160,59,205)
circulo;60.09;new Color(215,127,70)
circulo;78.4;new Color(189,183,105)
pentagono;9.71-9.71-9.71-9.71-9.71;new Color(61,6,127)
cuadrado;31.75;new Color(124,49,104)
triangulo;69.11-5.06-64.46;new Color(65,62,136)
cuadrado;68.7;new Color(184,136,15)
circulo;78.21;new Color(103,215,242)
cuadrado;64.68;new Color(57,179,245)
triangulo;69.15-93.63-79.3;new Color(0,232,91)
circulo;83.84;new Color(48,162,53)
cuadrado;25.75;new Color(108,153,70)
pentagono;55.8-55.8-55.8-55.8-55.8;new Color(140,23,249)
triangulo;74.12-94.21-73.11;new Color(1,247,114)
triangulo;97.21-97.02-25.18;new Color(176,202,195)
rectangulo;48.11-13.29;new Color(202,230,100)
circulo;16.09;new Color(59,146,116)
rectangulo;42.93-18.57;new Color(159,177,79)
rectangulo;27.55-44.52;new Color(4,54,125)
pentagono;47.69-47.69-47.69-47.69-47.69;new Color(146,189,203)
cuadrado;50.0;new Color(117,40,236)
cuadrado;19.76;new Color(207,117,141)
circulo;40.68;new Color(114,93,57)
pentagono;69.94-69.94-69.94-69.94-69.94;new Color(0,108,108)
circulo;75.76;new Color(18,66,48)
cuadrado;20.99;new Color(81,162,63)
rectangulo;76.91-3.82;new Color(29,204,194)
circulo;67.67;new Color(72,46,60)
circulo;10.63;new Color(176,202,54)
pentagono;75.85-75.85-75.85-75.85-75.85;new Color(137,243,145)
pentagono;86.89-86.89-86.89-86.89-86.89;new Color(184,199,150)
circulo;55.32;new Color(252,222,28)
circulo;28.42;new Color(156,39,134)
circulo;65.79;new Color(214,16,5)
rectangulo;20.82-64.05;new Color(32,149,252)
triangulo;20.0-84.72-6.73;new Color(208,227,39)
rectangulo;69.64-68.73;new Color(0,178,4)
triangulo;31.65-9.97-80.26;new Color(194,204,74)
rectangulo;6.9-49.85;new Color(185,172,31)
circulo;53.86;new Color(206,119,173)
cuadrado;49.53;new Color(60,177,16)
rectangulo;79.99-59.46;new Color(134,240,221)
pentagono;60.78-60.78-60.78-60.78-60.78;new Color(112,116,197)
cuadrado;33.63;new Color(80,215,61)
cuadrado;34.44;new Color(25,101,197)
circulo;13.87;new Color(169,74,18)
circulo;68.75;new Color(249,64,242)
cuadrado;81.19;new Color(71,159,113)
rectangulo;99.05-76.08;new Color(210,152,192)
rectangulo;80.87-11.3;new Color(69,108,140)
cuadrado;30.2;new Color(249,92,25)
rectangulo;71.35-81.72;new Color(7,154,120)
circulo;15.99;new Color(246,88,153)
circulo;59.72;new Color(12,75,56)
triangulo;75.76-58.77-21.25;new Color(68,148,160)
circulo;53.66;new Color(143,153,142)
cuadrado;16.44;new Color(77,155,152)
rectangulo;1.67-64.6;new Color(1,233,188)
triangulo;2.36-83.68-34.34;new Color(225,107,44)
rectangulo;67.05-45.76;new Color(135,126,217)
pentagono;22.16-22.16-22.16-22.16-22.16;new Color(139,32,178)
rectangulo;21.97-52.36;new Color(125,60,82)
circulo;56.11;new Color(233,128,188)
triangulo;30.71-64.41-41.23;new Color(241,173,162)
cuadrado;6.49;new Color(132,26,245)
triangulo;91.92-3.2-95.04;new Color(132,61,135)
pentagono;78.07-78.07-78.07-78.07-78.07;new Color(208,91,0)
triangulo;84.35-97.94-81.72;new Color(85,67,83)
rectangulo;22.79-36.18;new Color(251,159,65)
cuadrado;92.98;new Color(167,132,82)
circulo;99.8;new Color(111,47,26)
rectangulo;25.27-32.25;new Color(91,98,192)
triangulo;47.78-86.65-35.85;new Color(179,106,109)
rectangulo;36.58-68.27;new Color(98,152,106)
circulo;1.96;new Color(93,185,80)
circulo;39.46;new Color(18,207,48)
cuadrado;69.14;new Color(240,231,202)
triangulo;95.19-25.85-78.84;new Color(19,186,57)
triangulo;63.02-78.75-66.5;new Color(39,254,52)
triangulo;37.16-74.55-11.5;new Color(191,103,190)
triangulo;78.25-57.48-94.4;new Color(87,128,213)
rectangulo;99.41-93.34;new Color(232,72,199)
pentagono;99.09-99.09-99.09-99.09-99.09;new Color(80,42,51)
rectangulo;17.8-63.28;new Color(17,111,71)
circulo;42.46;new Color(236,159,241)
pentagono;40.84-40.84-40.84-40.84-40.84;new Color(122,138,32)
rectangulo;25.28-67.93;new Color(121,62,85)
pentagono;84.13-84.13-84.13-84.13-84.13;new Color(209,241,235)
circulo;90.2;new Color(21,12,239)
triangulo;79.65-68.29-36.78;new Color(187,223,142)
rectangulo;63.72-69.92;new Color(146,99,52)
cuadrado;60.83;new Color(98,132,66)
pentagono;21.25-21.25-21.25-21.25-21.25;new Color(169,180,247)
triangulo;76.53-35.24-26.35;new Color(174,157,182)
triangulo;21.85-66.82-96.74;new Color(247,202,111)
circulo;52.87;new Color(134,199,220)
circulo;28.77;new Color(65,247,98)
rectangulo;82.93-28.14;new Color(156,172,70)
rectangulo;9.34-32.6;new Color(229,95,4)
triangulo;62.75-43.3-34.47;new Color(181,188,36)
pentagono;65.83-65.83-65.83-65.83-65.83;new Color(133,69,67)
circulo;56.49;new Color(116,88,61)
circulo;22.93;new Color(142,60,120)
circulo;54.15;new Color(31,21,134)
cuadrado;90.86;new Color(12,115,236)
circulo;27.08;new Color(104,45,63)
pentagono;14.01-14.01-14.01-14.01-14.01;new Color(155,237,56)
cuadrado;2.96;new Color(19,238,62)
circulo;95.37;new Color(25,3,79)
cuadrado;60.6;new Color(66,221,220)
cuadrado;93.65;new Color(72,25,57)
pentagono;46.68-46.68-46.68-46.68-46.68;new Color(100,79,23)
cuadrado;50.87;new Color(127,173,245)
cuadrado;98.87;new Color(35,159,93)
triangulo;45.06-85.99-41.16;new Color(58,27,103)
rectangulo;81.17-11.29;new Color(181,44,186)
rectangulo;37.56-55.85;new Color(141,90,229)
rectangulo;52.89-24.56;new Color(152,174,131)
pentagono;38.92-38.92-38.92-38.92-38.92;new Color(142,73,196)
rectangulo;68.62-9.1;new Color(173,103,51)
pentagono;57.93-57.93-57.93-57.93-57.93;new Color(251,237,232)
rectangulo;85.17-70.03;new Color(208,42,252)
circulo;27.93;new Color(58,162,64)
triangulo;87.73-20.06-76.46;new Color(149,185,32)
circulo;23.62;new Color(126,228,78)
rectangulo;39.61-42.54;new Color(161,35,148)
rectangulo;54.5-4.62;new Color(130,75,195)
triangulo;36.2-32.78-73.63;new Color(73,115,159)
pentagono;9.29-9.29-9.29-9.29-9.29;new Color(147,90,254)
rectangulo;74.73-61.27;new Color(30,157,54)
triangulo;84.54-31.21-69.27;new Color(111,190,82)
rectangulo;66.91-59.1;new Color(89,215,78)
circulo;25.33;new Color(48,0,45)
circulo;59.27;new Color(245,64,3)
rectangulo;74.89-20.45;new Color(218,165,119)
rectangulo;63.39-63.98;new Color(21,104,147)
pentagono;60.3-60.3-60.3-60.3-60.3;new Color(148,255,33)
triangulo;44.91-11.11-57.04;new Color(118,19,216)
rectangulo;66.95-62.93;new Color(140,110,193)
pentagono;72.21-72.21-72.21-72.21-72.21;new Color(210,236,83)
triangulo;79.74-12.07-69.72;new Color(184,246,168)
triangulo;20.36-70.72-54.85;new Color(247,19,152)
rectangulo;61.68-7.09;new Color(60,44,181)
cuadrado;50.43;new Color(229,169,252)
triangulo;44.87-54.38-75.19;new Color(161,26,172)
rectangulo;64.37-32.35;new Color(128,74,222)
pentagono;11.61-11.61-11.61-11.61-11.61;new Color(190,203,228)
triangulo;3.34-7.08-91.86;new Color(41,122,7)
pentagono;79.75-79.75-79.75-79.75-79.75;new Color(27,239,42)
triangulo;20.13-62.01-26.75;new Color(112,211,234)
rectangulo;6.94-74.92;new Color(5,55,214)
pentagono;68.34-68.34-68.34-68.34-68.34;new Color(239,79,141)
cuadrado;37.82;new Color(25,156,107)
cuadrado;94.28;new Color(242,201,212)
cuadrado;7.8;new Color(44,218,130)
rectangulo;28.62-62.99;new Color(142,234,213)
pentagono;58.85-58.85-58.85-58.85-58.85;new Color(31,123,125)
cuadrado;69.44;new Color(85,9,199)
cuadrado;40.76;new Color(107,145,134)
triangulo;4.79-63.45-97.04;new Color(144,175,222)
circulo;81.05;new Color(221,162,186)
rectangulo;40.93-5.15;new Color(28,125,79)
triangulo;60.86-67.23-76.77;new Color(26,218,56)
circulo;84.92;new Color(247,132,48)
cuadrado;9.87;new Color(254,79,218)
cuadrado;47.92;new Color(251,6,25)
rectangulo;4.37-63.68;new Color(230,91,23)
triangulo;50.49-40.19-89.26;new Color(16,120,113)
circulo;42.94;new Color(238,124,15)
triangulo;70.72-26.22-94.28;new Color(46,39,174)
triangulo;25.35-30.14-28.49;new Color(65,131,67)
pentagono;49.62-49.62-49.62-49.62-49.62;new Color(104,54,36)
circulo;29.57;new Color(160,231,192)
rectangulo;47.14-70.18;new Color(30,207,70)
pentagono;70.58-70.58-70.58-70.58-70.58;new Color(134,178,189)
cuadrado;43.47;new Color(113,67,136)
triangulo;58.21-74.13-52.16;new Color(226,62,225)
rectangulo;58.73-40.21;new Color(171,55,187)
triangulo;83.95-56.25-31.92;new Color(229,153,212)
cuadrado;26.65;new Color(153,69,189)
cuadrado;29.83;new Color(72,255,54)
triangulo;1.9-9.46-42.33;new Color(112,221,3)
pentagono;14.1-14.1-14.1-14.1-14.1;new Color(72,3,159)
cuadrado;80.33;new Color(115,113,128)
triangulo;37.7-19.67-75.22;new Color(67,250,181)
pentagono;92.6-92.6-92.6-92.6-92.6;new Color(37,30,154)
rectangulo;29.61-69.74;new Color(208,108,8)
rectangulo;96.81-5.94;new Color(179,0,219)
cuadrado;80.62;new Color(203,129,20)
rectangulo;1.32-5.1;new Color(173,1,89)
rectangulo;39.84-96.15;new Color(249,235,179)
cuadrado;64.61;new Color(175,157,126)
triangulo;99.68-38.3-89.93;new Color(104,21,81)
pentagono;85.54-85.54-85.54-85.54-85.54;new Color(8,249,128)
circulo;26.12;new Color(155,117,31)
rectangulo;98.55-4.85;new Color(10,216,151)
triangulo;38.58-62.31-80.74;new Color(131,3,171)
rectangulo;87.93-31.4;new Color(137,135,242)
circulo;40.94;new Color(29,104,220)
triangulo;20.12-56.46-82.11;new Color(66,64,252)
rectangulo;29.81-4.7;new Color(53,26,69)
triangulo;48.01-12.25-66.86;new Color(127,70,31)
circulo;64.49;new Color(232,138,138)
triangulo;97.11-54.24-3.53;new Color(223,162,237)
pentagono;67.98-67.98-67.98-67.98-67.98;new Color(11,39,34)
rectangulo;35.47-75.85;new Color(106,73,210)
triangulo;84.68-94.8-67.04;new Color(147,14,142)
cuadrado;10.15;new Color(223,14,106)
cuadrado;90.22;new Color(235,61,133)
rectangulo;12.66-24.41;new Color(96,253,156)
triangulo;46.28-45.15-29.07;new Color(163,8,119)
circulo;82.42;new Color(41,133,249)
pentagono;45.46-45.46-45.46-45.46-45.46;new Color(166,35,33)
cuadrado;2.76;new Color(2,206,255)
cuadrado;3.24;new Color(32,191,60)
rectangulo;49.66-15.79;new Color(130,247,53)
cuadrado;40.22;new Color(43,45,60)
cuadrado;51.28;new Color(125,201,165)
triangulo;9.72-9.66-36.77;new Color(169,153,175)
pentagono;48.59-48.59-48.59-48.59-48.59;new Color(154,17,244)
pentagono;88.88-88.88-88.88-88.88-88.88;new Color(21,12,234)
cuadrado;31.76;new Color(109,10,254)
rectangulo;5.07-6.89;new Color(177,226,47)
cuadrado;19.38;new Color(14,247,136)
circulo;87.44;new Color(128,64,142)
pentagono;4.2-4.2-4.2-4.2-4.2;new Color(160,43,206)
circulo;68.49;new Color(55,13,254)
cuadrado;16.35;new Color(10,225,66)
pentagono;50.18-50.18-50.18-50.18-50.18;new Color(151,3,105)
cuadrado;47.67;new Color(74,55,111)
triangulo;12.63-3.8-5.89;new Color(132,10,117)
cuadrado;57.55;new Color(85,209,45)
rectangulo;33.67-92.58;new Color(109,51,142)
circulo;74.72;new Color(63,2,219)
rectangulo;47.73-45.44;new Color(211,104,161)
triangulo;55.64-83.12-34.48;new Color(215,160,99)
rectangulo;3.69-63.85;new Color(195,140,46)
rectangulo;72.43-89.17;new Color(63,40,145)
triangulo;60.7-33.73-26.16;new Color(226,67,126)
circulo;81.75;new Color(101,254,217)
rectangulo;56.57-31.77;new Color(123,94,222)
cuadrado;37.42;new Color(60,224,232)
circulo;61.6;new Color(86,239,128)
circulo;60.25;new Color(136,136,45)
circulo;95.8;new Color(35,124,116)
circulo;76.38;new Color(222,186,101)
triangulo;17.88-61.04-95.98;new Color(192,4,95)
pentagono;10.46-10.46-10.46-10.46-10.46;new Color(4,159,138)
circulo;54.02;new Color(134,154,182)
pentagono;86.9-86.9-86.9-86.9-86.9;new Color(25,90,147)
rectangulo;17.05-94.46;new Color(96,70,83)
rectangulo;22.38-47.0;new Color(193,19,25)
pentagono;98.8-98.8-98.8-98.8-98.8;new Color(10,33,4)
cuadrado;72.63;new Color(217,9,41)
circulo;39.76;new Color(208,246,144)
triangulo;81.54-19.16-37.65;new Color(229,40,97)
circulo;24.39;new Color(62,214,43)
pentagono;68.7-68.7-68.7-68.7-68.7;new Color(155,119,146)
rectangulo;52.05-62.64;new Color(164,154,106)
pentagono;88.57-88.57-88.57-88.57-88.57;new Color(210,193,189)
triangulo;56.2-55.58-10.7;new Color(1,17,242)
triangulo;12.73-4.04-18.68;new Color(79,131,203)
cuadrado;17.0;new Color(38,123,37)
cuadrado;25.57;new Color(39,21,54)
cuadrado;81.41;new Color(117,61,49)
circulo;60.24;new Color(32,196,40)
triangulo;86.16-41.0-50.19;new Color(68,58,162)
pentagono;37.98-37.98-37.98-37.98-37.98;new Color(139,100,37)
pentagono;68.14-68.14-68.14-68.14-68.14;new Color(225,25,206)
triangulo;87.12-14.98-72.37;new Color(235,56,211)
triangulo;33.57-82.08-48.64;new Color(75,53,76)
cuadrado;35.23;new Color(135,138,19)
circulo;47.46;new Color(209,43,165)
circulo;4.9;new Color(98,112,75)
rectangulo;32.45-13.09;new Color(53,255,177)
rectangulo;32.38-29.93;new Color(194,224,162)
rectangulo;78.14-25.72;new Color(108,254,38)
circulo;81.11;new Color(249,163,113)
cuadrado;41.63;new Color(71,158,218)
pentagono;64.35-64.35-64.35-64.35-64.35;new Color(48,124,160)
pentagono;1.3-1.3-1.3-1.3-1.3;new Color(43,176,105)
pentagono;43.82-43.82-43.82-43.82-43.82;new Color(130,27,236)
rectangulo;14.5-27.33;new Color(153,111,57)
circulo;11.6;new Color(168,25,216)
circulo;84.21;new Color(153,11,11)
cuadrado;56.29;new Color(184,170,74)
triangulo;22.53-42.83-45.19;new Color(38,108,183)
triangulo;95.74-45.67-19.03;new Color(212,22,107)
circulo;12.16;new Color(53,177,188)
rectangulo;15.03-33.41;new Color(221,98,191)
rectangulo;13.59-31.42;new Color(27,48,129)
circulo;24.72;new Color(152,236,65)
cuadrado;87.37;new Color(25,42,118)
pentagono;72.98-72.98-72.98-72.98-72.98;new Color(171,220,2)
pentagono;7.43-7.43-7.43-7.43-7.43;new Color(173,65,39)
rectangulo;49.32-39.07;new Color(67,81,195)
circulo;33.64;new Color(177,198,149)
cuadrado;73.13;new Color(72,154,106)
rectangulo;42.78-12.19;new Color(60,44,242)
circulo;79.27;new Color(54,96,81)
circulo;26.25;new Color(223,121,54)
circulo;90.27;new Color(241,154,62)
triangulo;77.58-9.57-43.13;new Color(226,205,229)
rectangulo;26.32-51.34;new Color(170,243,178)
circulo;65.41;new Color(207,204,41)
pentagono;64.09-64.09-64.09-64.09-64.09;new Color(70,163,110)
circulo;26.76;new Color(134,88,165)
cuadrado;43.58;new Color(147,99,88)
cuadrado;79.76;new Color(190,17,148)
pentagono;90.86-90.86-90.86-90.86-90.86;new Color(15,140,122)
circulo;70.71;new Color(122,51,97)
rectangulo;38.13-51.39;new Color(72,6,114)
pentagono;94.39-94.39-94.39-94.39-94.39;new Color(217,71,85)
cuadrado;13.47;new Color(247,108,16)
cuadrado;34.24;new Color(163,180,41)
rectangulo;22.87-5.18;new Color(87,96,154)
rectangulo;73.54-49.32;new Color(247,46,0)
triangulo;4.63-72.61-1.97;new Color(223,7,79)
triangulo;13.81-91.34-90.02;new Color(59,46,89)
triangulo;35.04-45.36-16.6;new Color(56,34,231)
rectangulo;35.48-53.98;new Color(223,203,118)
circulo;88.49;new Color(120,35,202)
pentagono;50.55-50.55-50.55-50.55-50.55;new Color(67,230,153)
pentagono;88.77-88.77-88.77-88.77-88.77;new Color(96,186,140)
triangulo;51.11-52.85-39.04;new Color(242,53,31)
cuadrado;72.84;new Color(166,197,90)
rectangulo;60.02-62.73;new Color(10,60,138)
circulo;83.45;new Color(37,9,48)
cuadrado;86.84;new Color(173,154,164)
rectangulo;30.4-72.89;new Color(156,51,196)
cuadrado;87.19;new Color(240,15,241)
triangulo;25.57-65.84-38.48;new Color(43,228,160)
cuadrado;36.03;new Color(150,57,56)
rectangulo;89.34-94.16;new Color(185,94,118)
pentagono;63.75-63.75-63.75-63.75-63.75;new Color(10,252,40)
pentagono;52.49-52.49-52.49-52.49-52.49;new Color(207,239,209)
pentagono;38.13-38.13-38.13-38.13-38.13;new Color(159,12,74)
pentagono;55.11-55.11-55.11-55.11-55.11;new Color(169,138,163)
circulo;47.54;new Color(48,43,95)
rectangulo;98.08-61.89;new Color(128,240,52)
rectangulo;38.48-84.07;new Color(4,87,101)
triangulo;63.89-94.21-67.15;new Color(233,55,36)
pentagono;94.8-94.8-94.8-94.8-94.8;new Color(37,75,83)
triangulo;47.29-16.87-77.71;new Color(205,114,11)
pentagono;17.72-17.72-17.72-17.72-17.72;new Color(11,140,49)
cuadrado;39.12;new Color(180,195,250)
circulo;30.85;new Color(96,210,245)
rectangulo;99.22-49.93;new Color(7,112,17)
triangulo;54.26-72.99-26.09;new Color(146,80,70)
circulo;4.53;new Color(87,231,252)
pentagono;57.6-57.6-57.6-57.6-57.6;new Color(81,216,239)
cuadrado;8.28;new Color(183,128,1)
cuadrado;13.49;new Color(176,143,120)
pentagono;66.09-66.09-66.09-66.09-66.09;new Color(48,147,52)
cuadrado;6.73;new Color(47,31,7)
cuadrado;37.91;new Color(228,77,56)
cuadrado;53.67;new Color(250,36,232)
triangulo;25.53-17.18-71.73;new Color(107,254,91)
pentagono;79.17-79.17-79.17-79.17-79.17;new Color(26,205,51)
triangulo;98.94-95.08-15.74;new Color(240,247,208)
pentagono;52.23-52.23-52.23-52.23-52.23;new Color(186,50,151)
rectangulo;17.21-4.5;new Color(97,86,16)
circulo;11.48;new Color(250,43,181)
pentagono;94.83-94.83-94.83-94.83-94.83;new Color(96,56,85)
triangulo;96.63-9.48-1.53;new Color(129,143,145)
triangulo;76.19-61.1-1.95;new Color(30,37,107)
pentagono;1.49-1.49-1.49-1.49-1.49;new Color(199,21,193)
rectangulo;91.92-16.75;new Color(103,71,169)
triangulo;44.95-48.17-89.19;new Color(60,117,117)
circulo;28.31;new Color(168,18,29)
pentagono;76.1-76.1-76.1-76.1-76.1;new Color(93,146,216)
triangulo;13.97-50.1-84.8;new Color(27,105,86)
cuadrado;41.02;new Color(75,46,208)
triangulo;15.07-49.27-21.33;new Color(46,147,217)
pentagono;82.88-82.88-82.88-82.88-82.88;new Color(108,214,205)
rectangulo;55.43-20.0;new Color(28,181,83)
rectangulo;25.19-72.94;new Color(179,26,109)
circulo;29.21;new Color(59,38,28)
pentagono;37.33-37.33-37.33-37.33-37.33;new Color(125,64,107)
rectangulo;55.08-62.24;new Color(113,24,44)
cuadrado;16.52;new Color(63,185,81)
triangulo;51.31-73.29-48.17;new Color(204,137,178)
rectangulo;63.04-11.15;new Color(148,72,74)
pentagono;58.93-58.93-58.93-58.93-58.93;new Color(60,106,90)
rectangulo;71.4-8.32;new Color(191,29,190)
pentagono;48.76-48.76-48.76-48.76-48.76;new Color(156,248,43)
triangulo;43.36-25.7-57.94;new Color(18,158,78)
cuadrado;13.3;new Color(115,100,4)
pentagono;54.78-54.78-54.78-54.78-54.78;new Color(125,25,205)
triangulo;51.04-42.0-96.09;new Color(123,13,55)
rectangulo;14.14-90.62;new Color(47,229,50)
circulo;49.29;new Color(30,51,74)
circulo;3.39;new Color(236,203,110)
cuadrado;95.39;new Color(68,156,123)
rectangulo;56.55-84.51;new Color(47,33,137)
rectangulo;38.92-95.9;new Color(82,110,224)
triangulo;13.52-64.75-82.33;new Color(105,1,41)
cuadrado;1.54;new Color(215,3,25)
circulo;78.53;new Color(50,120,229)
pentagono;3.7-3.7-3.7-3.7-3.7;new Color(16,120,64)
pentagono;32.5-32.5-32.5-32.5-32.5;new Color(79,121,4)
rectangulo;32.59-93.49;new Color(149,12,3)
cuadrado;6.38;new Color(138,63,253)
rectangulo;46.25-1.89;new Color(234,103,235)
pentagono;85.44-85.44-85.44-85.44-85.44;new Color(156,27,176)
pentagono;61.18-61.18-61.18-61.18-61.18;new Color(122,39,162)
rectangulo;57.47-31.5;new Color(180,117,170)
circulo;85.92;new Color(191,140,247)
pentagono;25.62-25.62-25.62-25.62-25.62;new Color(25,217,75)
rectangulo;10.44-4.36;new Color(72,168,27)
circulo;69.83;new Color(73,240,224)
circulo;74.39;new Color(117,33,30)
circulo;67.59;new Color(50,4,160)
cuadrado;58.89;new Color(200,204,20)
circulo;70.54;new Color(53,174,71)
pentagono;88.01-88.01-88.01-88.01-88.01;new Color(156,162,24)
triangulo;55.0-64.86-96.16;new Color(15,37,247)
triangulo;40.95-61.59-28.2;new Color(216,251,194)
cuadrado;10.15;new Color(209,78,53)
cuadrado;17.59;new Color(44,200,175)
rectangulo;27.02-82.26;new Color(176,161,35)
circulo;10.38;new Color(164,205,162)
triangulo;61.87-43.9-84.3;new Color(8,140,199)
rectangulo;29.4-63.81;new Color(51,1,62)
circulo;14.56;new Color(190,244,196)
triangulo;63.71-79.64-91.49;new Color(72,218,240)
circulo;57.61;new Color(119,135,233)
rectangulo;85.46-23.37;new Color(168,217,3)
pentagono;28.99-28.99-28.99-28.99-28.99;new Color(121,132,17)
cuadrado;18.78;new Color(57,22,142)
triangulo;40.8-8.49-49.55;new Color(141,53,68)
pentagono;99.82-99.82-99.82-99.82-99.82;new Color(17,218,199)
pentagono;78.94-78.94-78.94-78.94-78.94;new Color(248,237,4)
circulo;38.68;new Color(126,17,127)
rectangulo;54.15-77.97;new Color(97,154,135)
rectangulo;61.45-68.21;new Color(201,71,176)
circulo;65.29;new Color(43,174,206)
rectangulo;92.23-12.12;new Color(98,100,205)
triangulo;73.17-17.22-14.56;new Color(102,38,127)
cuadrado;47.46;new Color(134,8,32)
circulo;27.86;new Color(131,150,138)
triangulo;4.11-60.29-41.03;new Color(210,117,115)
circulo;46.45;new Color(193,5,234)
pentagono;46.01-46.01-46.01-46.01-46.01;new Color(124,211,35)
rectangulo;11.82-89.84;new Color(78,147,212)
triangulo;49.5-19.26-92.96;new Color(205,3,79)
triangulo;19.98-18.37-98.6;new Color(216,110,113)
pentagono;4.75-4.75-4.75-4.75-4.75;new Color(34,114,29)
pentagono;38.62-38.62-38.62-38.62-38.62;new Color(217,49,153)
circulo;89.13;new Color(8,255,102)
pentagono;98.12-98.12-98.12-98.12-98.12;new Color(116,150,167)
cuadrado;45.08;new Color(174,58,192)
triangulo;41.26-64.55-46.97;new Color(186,85,197)
pentagono;13.32-13.32-13.32-13.32-13.32;new Color(22,247,99)
cuadrado;49.02;new Color(29,236,164)
cuadrado;53.48;new Color(110,203,98)
pentagono;33.83-33.83-33.83-33.83-33.83;new Color(218,162,168)
rectangulo;75.04-19.06;new Color(148,253,227)
pentagono;78.71-78.71-78.71-78.71-78.71;new Color(40,230,230)
circulo;31.22;new Color(136,36,187)
cuadrado;74.6;new Color(103,159,169)
pentagono;6.78-6.78-6.78-6.78-6.78;new Color(236,230,55)
rectangulo;97.87-32.81;new Color(128,169,4)
pentagono;28.08-28.08-28.08-28.08-28.08;new Color(133,145,74)
circulo;50.5;new Color(149,164,91)
circulo;68.7;new Color(211,32,56)
rectangulo;21.56-24.96;new Color(99,218,146)
pentagono;42.6-42.6-42.6-42.6-42.6;new Color(163,57,31)
cuadrado;22.02;new Color(124,19,47)
triangulo;62.71-57.35-51.7;new Color(136,120,208)
cuadrado;51.56;new Color(217,190,225)
pentagono;54.11-54.11-54.11-54.11-54.11;new Color(72,30,14)
cuadrado;40.13;new Color(234,62,219)
circulo;48.4;new Color(131,88,188)
circulo;14.26;new Color(171,79,84)
triangulo;33.58-39.57-78.55;new Color(24,142,63)
pentagono;79.83-79.83-79.83-79.83-79.83;new Color(105,26,25)
pentagono;21.0-21.0-21.0-21.0-21.0;new Color(59,85,110)
pentagono;4.84-4.84-4.84-4.84-4.84;new Color(253,138,109)
pentagono;7.96-7.96-7.96-7.96-7.96;new Color(196,245,61)
rectangulo;91.67-5.38;new Color(99,42,253)
rectangulo;25.33-29.45;new Color(100,90,100)
rectangulo;36.16-52.26;new Color(200,21,164)
triangulo;4.05-42.03-92.93;new Color(237,145,33)
cuadrado;38.37;new Color(213,246,134)
rectangulo;78.74-49.76;new Color(245,103,90)
pentagono;27.96-27.96-27.96-27.96-27.96;new Color(65,47,78)
cuadrado;5.77;new Color(58,161,163)
circulo;2.78;new Color(233,1,195)
pentagono;64.13-64.13-64.13-64.13-64.13;new Color(84,198,47)
circulo;76.74;new Color(127,121,119)
rectangulo;3.21-53.99;new Color(83,131,127)
triangulo;50.06-20.03-78.12;new Color(19,139,42)
triangulo;7.97-79.6-59.34;new Color(183,46,52)
cuadrado;52.26;new Color(175,202,18)
circulo;35.94;new Color(102,5,208)
rectangulo;83.43-57.61;new Color(72,240,205)
cuadrado;24.4;new Color(7,61,127)
triangulo;10.04-1.29-24.82;new Color(242,127,131)
rectangulo;93.62-6.83;new Color(124,95,150)
pentagono;53.86-53.86-53.86-53.86-53.86;new Color(132,59,129)
circulo;76.85;new Color(162,198,254)
rectangulo;43.57-22.03;new Color(65,186,157)
circulo;70.31;new Color(76,92,76)
circulo;34.87;new Color(164,74,10)
pentagono;15.54-15.54-15.54-15.54-15.54;new Color(121,22,143)
rectangulo;47.68-72.81;new Color(230,97,111)
triangulo;78.17-94.38-42.96;new Color(48,5,187)
pentagono;2.01-2.01-2.01-2.01-2.01;new Color(66,161,65)
circulo;12.5;new Color(162,83,180)
cuadrado;40.86;new Color(59,171,194)
circulo;25.81;new Color(108,190,194)
pentagono;5.06-5.06-5.06-5.06-5.06;new Color(232,78,72)
circulo;72.45;new Color(179,159,76)
cuadrado;1.25;new Color(40,139,50)
circulo;9.19;new Color(45,183,129)
cuadrado;6.83;new Color(249,79,27)
cuadrado;43.56;new Color(84,83,214)
cuadrado;89.14;new Color(216,114,168)
rectangulo;80.02-29.06;new Color(217,235,86)
cuadrado;59.55;new Color(145,118,93)
rectangulo;79.26-36.63;new Color(243,222,183)
rectangulo;67.96-47.83;new Color(247,72,78)
pentagono;82.07-82.07-82.07-82.07-82.07;new Color(71,28,89)
circulo;39.44;new Color(234,74,169)
cuadrado;1.23;new Color(191,196,30)
triangulo;19.88-59.07-72.66;new Color(33,1,159)
rectangulo;60.48-74.56;new Color(89,123,4)
cuadrado;81.45;new Color(223,98,71)
circulo;87.18;new Color(90,93,223)
circulo;40.66;new Color(45,68,51)
rectangulo;67.26-28.73;new Color(62,119,117)
pentagono;19.84-19.84-19.84-19.84-19.84;new Color(153,135,21)
circulo;44.91;new Color(111,50,26)
pentagono;29.72-29.72-29.72-29.72-29.72;new Color(29,3,31)
rectangulo;86.56-47.35;new Color(224,163,134)
triangulo;57.0-18.37-33.14;new Color(145,9,33)
circulo;57.12;new Color(47,92,232)
pentagono;27.21-27.21-27.21-27.21-27.21;new Color(38,163,143)
triangulo;5.73-4.62-58.02;new Color(74,53,144)
rectangulo;24.61-55.6;new Color(33,59,109)
pentagono;22.12-22.12-22.12-22.12-22.12;new Color(14,78,51)
rectangulo;60.62-89.95;new Color(179,177,126)
pentagono;10.49-10.49-10.49-10.49-10.49;new Color(45,244,222)
triangulo;56.95-97.61-49.39;new Color(143,65,66)
pentagono;68.18-68.18-68.18-68.18-68.18;new Color(240,41,25)
triangulo;15.96-58.91-43.73;new Color(240,127,28)
pentagono;24.43-24.43-24.43-24.43-24.43;new Color(100,117,98)
cuadrado;76.19;new Color(211,76,151)
circulo;22.03;new Color(196,167,62)
cuadrado;47.31;new Color(68,45,255)
cuadrado;41.47;new Color(93,81,148)
rectangulo;74.86-68.36;new Color(19,81,110)
pentagono;71.03-71.03-71.03-71.03-71.03;new Color(205,223,42)
triangulo;29.02-7.49-26.2;new Color(96,43,237)
pentagono;98.53-98.53-98.53-98.53-98.53;new Color(65,37,108)
pentagono;50.88-50.88-50.88-50.88-50.88;new Color(13,82,7)
circulo;99.56;new Color(200,193,41)
rectangulo;91.68-86.23;new Color(230,163,135)
cuadrado;40.65;new Color(149,121,122)
pentagono;51.73-51.73-51.73-51.73-51.73;new Color(177,128,251)
rectangulo;62.19-83.79;new Color(14,248,241)
pentagono;74.58-74.58-74.58-74.58-74.58;new Color(32,5,8)
pentagono;79.73-79.73-79.73-79.73-79.73;new Color(201,200,25)
rectangulo;58.87-96.29;new Color(76,144,66)
triangulo;11.35-25.39-65.48;new Color(250,107,24)
triangulo;14.95-2.08-23.44;new Color(245,207,14)
pentagono;12.73-12.73-12.73-12.73-12.73;new Color(234,108,101)
rectangulo;63.86-55.15;new Color(51,216,162)
circulo;95.25;new Color(35,147,19)
circulo;18.04;new Color(236,233,60)
pentagono;97.65-97.65-97.65-97.65-97.65;new Color(137,26,163)
triangulo;56.9-16.1-32.74;new Color(234,150,31)
pentagono;4.59-4.59-4.59-4.59-4.59;new Color(90,136,103)
circulo;29.81;new Color(2,243,31)
cuadrado;86.16;new Color(43,187,136)
cuadrado;71.98;new Color(100,108,150)
pentagono;30.23-30.23-30.23-30.23-30.23;new Color(116,217,106)
circulo;49.93;new Color(136,87,131)
pentagono;19.28-19.28-19.28-19.28-19.28;new Color(52,5,83)
cuadrado;26.8;new Color(249,91,73)
rectangulo;42.44-38.35;new Color(147,11,27)
triangulo;68.27-24.48-82.95;new Color(231,110,30)
cuadrado;78.72;new Color(176,239,67)
circulo;32.35;new Color(7,119,244)
triangulo;84.84-55.2-15.94;new Color(194,220,66)
triangulo;70.43-7.6-78.48;new Color(132,108,226)
circulo;70.9;new Color(154,48,102)
rectangulo;26.54-26.23;new Color(177,65,253)
cuadrado;98.29;new Color(18,47,249)
triangulo;27.43-73.48-77.07;new Color(203,25,42)
rectangulo;25.87-1.97;new Color(43,173,44)
cuadrado;1.11;new Color(11,25,237)
cuadrado;18.81;new Color(21,36,122)
pentagono;89.24-89.24-89.24-89.24-89.24;new Color(228,121,149)
pentagono;3.12-3.12-3.12-3.12-3.12;new Color(219,174,204)
pentagono;78.72-78.72-78.72-78.72-78.72;new Color(74,207,207)
rectangulo;51.11-33.4;new Color(175,62,149)
triangulo;18.91-14.14-71.14;new Color(2,82,126)
rectangulo;71.67-2.41;new Color(57,55,140)
triangulo;72.21-14.56-45.35;new Color(41,16,149)
cuadrado;87.86;new Color(183,5,210)
rectangulo;24.77-49.35;new Color(93,96,244)
cuadrado;49.43;new Color(201,253,201)
triangulo;17.84-13.25-42.77;new Color(116,228,159)
rectangulo;73.57-58.75;new Color(182,136,79)
circulo;77.46;new Color(48,172,139)
pentagono;24.1-24.1-24.1-24.1-24.1;new Color(94,166,177)
triangulo;65.78-49.11-8.16;new Color(3,83,84)
triangulo;43.53-9.06-74.85;new Color(14,15,182)
pentagono;72.94-72.94-72.94-72.94-72.94;new Color(254,170,229)
pentagono;87.14-87.14-87.14-87.14-87.14;new Color(208,70,193)
cuadrado;5.48;new Color(42,3,130)
pentagono;99.12-99.12-99.12-99.12-99.12;new Color(214,196,90)
triangulo;87.38-37.7-88.4;new Color(58,78,159)
cuadrado;43.68;new Color(111,204,87)
cuadrado;91.27;new Color(187,115,218)
circulo;64.97;new Color(88,48,193)
rectangulo;10.26-28.71;new Color(81,28,146)
cuadrado;63.33;new Color(116,78,91)
pentagono;24.23-24.23-24.23-24.23-24.23;new Color(102,14,207)
circulo;20.65;new Color(13,108,191)
circulo;26.32;new Color(121,172,7)
cuadrado;9.33;new Color(140,242,48)
triangulo;96.97-94.6-49.95;new Color(217,40,124)